Method,Job,AnalyzeLaunchVariance,EvaluateOverhead,MaxAbsoluteError,MaxRelativeError,MinInvokeCount,MinIterationTime,OutlierMode,Affinity,EnvironmentVariables,Jit,LargeAddressAware,Platform,PowerPlanMode,Runtime,AllowVeryLargeObjects,Concurrent,CpuGroups,Force,HeapAffinitizeMask,HeapCount,NoAffinitize,RetainVm,Server,Arguments,BuildConfiguration,Clock,EngineFactory,NuGetReferences,Toolchain,IsMutator,InvocationCount,IterationCount,IterationTime,LaunchCount,MaxIterationCount,MaxWarmupIterationCount,MemoryRandomization,MinIterationCount,MinWarmupIterationCount,RunStrategy,UnrollFactor,WarmupCount,Input,Mean,Error,StdDev,Median,Ratio,RatioSD,Gen0,Gen1,Allocated,Alloc Ratio
'by hand (HandSqlStandard)',DefaultJob,False,Default,Default,Default,Default,Default,Default,1111111111111111,Empty,RyuJit,Default,X64,8c5e7fda-e8bf-4a96-9a85-a6e23a8c635c,.NET 10.0,False,True,False,True,Default,Default,False,False,False,Default,Default,Default,Default,Default,Default,Default,Default,Default,Default,Default,Default,Default,Default,Default,Default,Default,16,Default,arithmetic 19,"1,268.99 ns",19.677 ns,17.444 ns,"1,268.28 ns",1.00,0.02,0.0820,0.0000,4208 B,1.00
'generated (SqlStandardParser)',DefaultJob,False,Default,Default,Default,Default,Default,Default,1111111111111111,Empty,RyuJit,Default,X64,8c5e7fda-e8bf-4a96-9a85-a6e23a8c635c,.NET 10.0,False,True,False,True,Default,Default,False,False,False,Default,Default,Default,Default,Default,Default,Default,Default,Default,Default,Default,Default,Default,Default,Default,Default,Default,16,Default,arithmetic 19,"3,799.15 ns",19.138 ns,39.522 ns,"3,802.88 ns",2.99,0.05,0.0648,0.0000,3352 B,0.80
'by hand again (A/A)',DefaultJob,False,Default,Default,Default,Default,Default,Default,1111111111111111,Empty,RyuJit,Default,X64,8c5e7fda-e8bf-4a96-9a85-a6e23a8c635c,.NET 10.0,False,True,False,True,Default,Default,False,False,False,Default,Default,Default,Default,Default,Default,Default,Default,Default,Default,Default,Default,Default,Default,Default,Default,Default,16,Default,arithmetic 19,"1,239.51 ns",14.425 ns,12.788 ns,"1,241.71 ns",0.98,0.02,0.0820,0.0000,4208 B,1.00
'by hand (HandSqlStandard)',DefaultJob,False,Default,Default,Default,Default,Default,Default,1111111111111111,Empty,RyuJit,Default,X64,8c5e7fda-e8bf-4a96-9a85-a6e23a8c635c,.NET 10.0,False,True,False,True,Default,Default,False,False,False,Default,Default,Default,Default,Default,Default,Default,Default,Default,Default,Default,Default,Default,Default,Default,Default,Default,16,Default,conditions100 1275,"49,514.29 ns","2,229.733 ns","6,574.418 ns","50,389.44 ns",1.02,0.19,3.7231,0.3662,188880 B,1.00
'generated (SqlStandardParser)',DefaultJob,False,Default,Default,Default,Default,Default,Default,1111111111111111,Empty,RyuJit,Default,X64,8c5e7fda-e8bf-4a96-9a85-a6e23a8c635c,.NET 10.0,False,True,False,True,Default,Default,False,False,False,Default,Default,Default,Default,Default,Default,Default,Default,Default,Default,Default,Default,Default,Default,Default,Default,Default,16,Default,conditions100 1275,"138,502.09 ns","3,806.789 ns","11,224.403 ns","137,965.31 ns",2.85,0.45,3.1738,0.2441,164496 B,0.87
'by hand again (A/A)',DefaultJob,False,Default,Default,Default,Default,Default,Default,1111111111111111,Empty,RyuJit,Default,X64,8c5e7fda-e8bf-4a96-9a85-a6e23a8c635c,.NET 10.0,False,True,False,True,Default,Default,False,False,False,Default,Default,Default,Default,Default,Default,Default,Default,Default,Default,Default,Default,Default,Default,Default,Default,Default,16,Default,conditions100 1275,"49,926.72 ns","1,975.554 ns","5,824.967 ns","46,239.41 ns",1.03,0.18,3.7231,0.3662,188880 B,1.00
'by hand (HandSqlStandard)',DefaultJob,False,Default,Default,Default,Default,Default,Default,1111111111111111,Empty,RyuJit,Default,X64,8c5e7fda-e8bf-4a96-9a85-a6e23a8c635c,.NET 10.0,False,True,False,True,Default,Default,False,False,False,Default,Default,Default,Default,Default,Default,Default,Default,Default,Default,Default,Default,Default,Default,Default,Default,Default,16,Default,conditions1000 14775,"431,368.36 ns","6,249.986 ns","5,846.241 ns","431,056.20 ns",1.00,0.02,37.1094,20.9961,1880824 B,1.00
'generated (SqlStandardParser)',DefaultJob,False,Default,Default,Default,Default,Default,Default,1111111111111111,Empty,RyuJit,Default,X64,8c5e7fda-e8bf-4a96-9a85-a6e23a8c635c,.NET 10.0,False,True,False,True,Default,Default,False,False,False,Default,Default,Default,Default,Default,Default,Default,Default,Default,Default,Default,Default,Default,Default,Default,Default,Default,16,Default,conditions1000 14775,"1,149,496.85 ns","16,888.818 ns","15,797.811 ns","1,145,873.83 ns",2.67,0.05,31.2500,13.6719,1647696 B,0.88
'by hand again (A/A)',DefaultJob,False,Default,Default,Default,Default,Default,Default,1111111111111111,Empty,RyuJit,Default,X64,8c5e7fda-e8bf-4a96-9a85-a6e23a8c635c,.NET 10.0,False,True,False,True,Default,Default,False,False,False,Default,Default,Default,Default,Default,Default,Default,Default,Default,Default,Default,Default,Default,Default,Default,Default,Default,16,Default,conditions1000 14775,"440,551.85 ns","7,680.754 ns","7,184.582 ns","441,411.01 ns",1.02,0.02,37.1094,20.9961,1880824 B,1.00
'by hand (HandSqlStandard)',DefaultJob,False,Default,Default,Default,Default,Default,Default,1111111111111111,Empty,RyuJit,Default,X64,8c5e7fda-e8bf-4a96-9a85-a6e23a8c635c,.NET 10.0,False,True,False,True,Default,Default,False,False,False,Default,Default,Default,Default,Default,Default,Default,Default,Default,Default,Default,Default,Default,Default,Default,Default,Default,16,Default,literal 1,13.80 ns,0.290 ns,0.271 ns,13.85 ns,1.00,0.03,0.0008,0.0000,40 B,1.00
'generated (SqlStandardParser)',DefaultJob,False,Default,Default,Default,Default,Default,Default,1111111111111111,Empty,RyuJit,Default,X64,8c5e7fda-e8bf-4a96-9a85-a6e23a8c635c,.NET 10.0,False,True,False,True,Default,Default,False,False,False,Default,Default,Default,Default,Default,Default,Default,Default,Default,Default,Default,Default,Default,Default,Default,Default,Default,16,Default,literal 1,80.06 ns,1.344 ns,1.192 ns,79.76 ns,5.80,0.14,0.0007,0.0000,40 B,1.00
'by hand again (A/A)',DefaultJob,False,Default,Default,Default,Default,Default,Default,1111111111111111,Empty,RyuJit,Default,X64,8c5e7fda-e8bf-4a96-9a85-a6e23a8c635c,.NET 10.0,False,True,False,True,Default,Default,False,False,False,Default,Default,Default,Default,Default,Default,Default,Default,Default,Default,Default,Default,Default,Default,Default,Default,Default,16,Default,literal 1,14.38 ns,0.283 ns,0.265 ns,14.28 ns,1.04,0.03,0.0008,0.0000,40 B,1.00
'by hand (HandSqlStandard)',DefaultJob,False,Default,Default,Default,Default,Default,Default,1111111111111111,Empty,RyuJit,Default,X64,8c5e7fda-e8bf-4a96-9a85-a6e23a8c635c,.NET 10.0,False,True,False,True,Default,Default,False,False,False,Default,Default,Default,Default,Default,Default,Default,Default,Default,Default,Default,Default,Default,Default,Default,Default,Default,16,Default,select1 15,515.77 ns,10.079 ns,10.785 ns,515.25 ns,1.00,0.03,0.0305,0.0000,1576 B,1.00
'generated (SqlStandardParser)',DefaultJob,False,Default,Default,Default,Default,Default,Default,1111111111111111,Empty,RyuJit,Default,X64,8c5e7fda-e8bf-4a96-9a85-a6e23a8c635c,.NET 10.0,False,True,False,True,Default,Default,False,False,False,Default,Default,Default,Default,Default,Default,Default,Default,Default,Default,Default,Default,Default,Default,Default,Default,Default,16,Default,select1 15,"1,395.73 ns",27.508 ns,28.249 ns,"1,389.11 ns",2.71,0.08,0.0305,0.0000,1568 B,0.99
'by hand again (A/A)',DefaultJob,False,Default,Default,Default,Default,Default,Default,1111111111111111,Empty,RyuJit,Default,X64,8c5e7fda-e8bf-4a96-9a85-a6e23a8c635c,.NET 10.0,False,True,False,True,Default,Default,False,False,False,Default,Default,Default,Default,Default,Default,Default,Default,Default,Default,Default,Default,Default,Default,Default,Default,Default,16,Default,select1 15,512.36 ns,8.470 ns,8.698 ns,509.71 ns,0.99,0.03,0.0305,0.0000,1576 B,1.00
'by hand (HandSqlStandard)',DefaultJob,False,Default,Default,Default,Default,Default,Default,1111111111111111,Empty,RyuJit,Default,X64,8c5e7fda-e8bf-4a96-9a85-a6e23a8c635c,.NET 10.0,False,True,False,True,Default,Default,False,False,False,Default,Default,Default,Default,Default,Default,Default,Default,Default,Default,Default,Default,Default,Default,Default,Default,Default,16,Default,select20 115,"6,344.83 ns",70.082 ns,65.555 ns,"6,362.99 ns",1.00,0.01,0.4730,0.0076,23976 B,1.00
'generated (SqlStandardParser)',DefaultJob,False,Default,Default,Default,Default,Default,Default,1111111111111111,Empty,RyuJit,Default,X64,8c5e7fda-e8bf-4a96-9a85-a6e23a8c635c,.NET 10.0,False,True,False,True,Default,Default,False,False,False,Default,Default,Default,Default,Default,Default,Default,Default,Default,Default,Default,Default,Default,Default,Default,Default,Default,16,Default,select20 115,"17,455.66 ns",294.355 ns,275.340 ns,"17,349.99 ns",2.75,0.05,0.3967,0.0000,21328 B,0.89
'by hand again (A/A)',DefaultJob,False,Default,Default,Default,Default,Default,Default,1111111111111111,Empty,RyuJit,Default,X64,8c5e7fda-e8bf-4a96-9a85-a6e23a8c635c,.NET 10.0,False,True,False,True,Default,Default,False,False,False,Default,Default,Default,Default,Default,Default,Default,Default,Default,Default,Default,Default,Default,Default,Default,Default,Default,16,Default,select20 115,"5,968.65 ns",111.215 ns,98.589 ns,"5,975.23 ns",0.94,0.02,0.4730,0.0076,23976 B,1.00
